Workbook

Sheet INVOICE
B2: INVOICE
B3: From | G3: Invoice Number | I3: 134/2026-27
B4: JOY MANPOWER SERVICE
B5: No.16, Krishna complex, Avinashi main road, | G5: Invoice Date | I5: 31/07/2026
B6: Thennampalayam, Arasur PO,
B7: Coimbatore - 641 407. | G7: PAN Number | I7: AOAPR4773D
B8: GSTIN Number : 33AOAPR4773D1Z2
B9: To | G9: SAC Code | I9: 998519
B10: Arjuna Natural Pvt Ltd
B11: 15/4B, Sirambarayampalayam Road, | G11: PF Code | I11: CB/CBE/1724259000
B12: Sennappachetty Pudur Post,
B13: Karumathampatty Via, Coimbatore-641659 | G13: ESIC Code | I13: 56001195190001001
B14: GSTIN Number : 33AACCA8648K1ZG
B15: Particulars | I15: Rs.
B17: 1. Being the Contract Services for supply of manpower | I17: =Breakup!E12 -> 101505.57
B18: at your Factory permises from 01.07.2026 to 31.07.2026
B20: 2. CGST @ 9% on Billing Amount | I20: =+I17*9% -> 9135.5017
B22: 3 .SGST @ 9% on Billing Amount | I22: =+I17*9% -> 9135.5017
I24: =SUM(I17:I23) -> 119776.58
B26: TOTAL AMOUNT :- | I26: =I24 -> 119776.58
B28: =Breakup!B16 -> Rupees : One Lakh Nineteen Thousand Seven Hundred And Seventy Seven Only /-

Sheet Breakup
B2: WAGES BREAKUP FOR THE MONTH OF JULY 2026
B4: S.NO. | C4: PARTICULARS | E4: AMOUNT
B5: 1 | C5: Being the Contract Services for supply of manpower at | E5: =Workings!K27 -> 79215
C6: your Factory permises from 01.07.2026 TO 31.07.2026
B7: 2 | C7: P.F.Employer Contribution @ 13% Rs. | D7: =Workings!G27 -> 52390 | E7: =D7*13% -> 6810.7
B8: 3 | C8: E.S.I Employer Contribution @ 3.25% Rs. | D8: =Workings!G27 -> 52390 | E8: =D8*3.25% -> 1702.675
B9: 4 | C9: Service Charges @ 8% on Gross | E9: =+E5*8% -> 6337.2
B10: 5 | C10: ADD Room Allowance @ 50 | E10: =Allowance!I27 -> 7440
B11: 6 | C11: ADD Transport Allowance @ 30
C12: TOTAL | E12: =SUM(E5:E11) -> 101505.57
B13: 7 | C13: CGST @ 9% on Billing Amount | E13: =+E12*9% -> 9135.5017
B14: 8 | C14: SGST @ 9% on Billing Amount | E14: =+E12*9% -> 9135.5017
C15: GRAND TOTAL | E15: =+E14+E13+E12 -> 119776.58
B16: Rupees : One Lakh Nineteen Thousand Seven Hundred And Seventy Seven Only /-

Sheet Workings
A2: JOY MANPOWER SERVICE WAGES FOR THE MONTH OF JULY 2026
A3: S NO | B3: PUNCHING NO | C3: NAME | D3: DEPT | E3: D WAGES | F3: PAY DAYS | G3: Wages | H3: OT | I3: OT STIPEND | J3: ARREARS | K3: GROSS | L3: PF 12% | M3: ESI 0.75% | N3: CANTEEN | O3: OTHER DED | P3: NET AMOUNT
A4: 1 | B4: AJ001 | C4: LALHRIA TPULA | D4: BCM | E4: 620 | F4: 4.5 | G4: =ROUND(E4*F4,0) -> 2790 | H4: 19 | I4: =ROUND(E4/8*H4,0) -> 1473 | K4: =ROUND(G4+I4+J4,0) -> 4263 | L4: =ROUND(G4*12%,0) -> 335 | M4: =CEILING(G4*0.75%,1) -> 21 | N4: 0 | P4: =ROUND(K4-N4-L4-M4-O4,0) -> 3907
A5: =A4+1 -> 2 | B5: AJ002 | C5: RANJIT MUHTO | D5: FO | E5: 620 | F5: 4.5 | G5: =ROUND(E5*F5,0) -> 2790 | H5: 19 | I5: =ROUND(E5/8*H5,0) -> 1473 | K5: =ROUND(G5+I5+J5,0) -> 4263 | L5: =ROUND(G5*12%,0) -> 335 | M5: =CEILING(G5*0.75%,1) -> 21 | N5: 0 | P5: =ROUND(K5-N5-L5-M5-O5,0) -> 3907
A6: =A5+1 -> 3 | B6: AJ003 | C6: RAM VIJAY KUMAR | D6: BCM | E6: 620 | F6: 4.5 | G6: =ROUND(E6*F6,0) -> 2790 | H6: 19 | I6: =ROUND(E6/8*H6,0) -> 1473 | K6: =ROUND(G6+I6+J6,0) -> 4263 | L6: =ROUND(G6*12%,0) -> 335 | M6: =CEILING(G6*0.75%,1) -> 21 | N6: 0 | P6: =ROUND(K6-N6-L6-M6-O6,0) -> 3907
A7: =A6+1 -> 4 | B7: AJ004 | C7: AKURAI | D7: BCM | E7: 620 | F7: 4.5 | G7: =ROUND(E7*F7,0) -> 2790 | H7: 19 | I7: =ROUND(E7/8*H7,0) -> 1473 | K7: =ROUND(G7+I7+J7,0) -> 4263 | L7: =ROUND(G7*12%,0) -> 335 | M7: =CEILING(G7*0.75%,1) -> 21 | N7: 0 | P7: =ROUND(K7-N7-L7-M7-O7,0) -> 3907
A8: =A7+1 -> 5 | B8: AJ005 | C8: CHHOTELAL SOREN | D8: FO | E8: 620 | F8: 4.5 | G8: =ROUND(E8*F8,0) -> 2790 | H8: 19 | I8: =ROUND(E8/8*H8,0) -> 1473 | K8: =ROUND(G8+I8+J8,0) -> 4263 | L8: =ROUND(G8*12%,0) -> 335 | M8: =CEILING(G8*0.75%,1) -> 21 | N8: 0 | P8: =ROUND(K8-N8-L8-M8-O8,0) -> 3907
A9: =A8+1 -> 6 | B9: AJ006 | C9: INDRAJIT REANG | D9: FO | E9: 620 | F9: 4.5 | G9: =ROUND(E9*F9,0) -> 2790 | H9: 19 | I9: =ROUND(E9/8*H9,0) -> 1473 | K9: =ROUND(G9+I9+J9,0) -> 4263 | L9: =ROUND(G9*12%,0) -> 335 | M9: =CEILING(G9*0.75%,1) -> 21 | N9: 0 | P9: =ROUND(K9-N9-L9-M9-O9,0) -> 3907
A10: =A9+1 -> 7 | B10: AJ007 | C10: UDAI RAM REANG | D10: BCM | E10: 620 | F10: 4.5 | G10: =ROUND(E10*F10,0) -> 2790 | H10: 19 | I10: =ROUND(E10/8*H10,0) -> 1473 | K10: =ROUND(G10+I10+J10,0) -> 4263 | L10: =ROUND(G10*12%,0) -> 335 | M10: =CEILING(G10*0.75%,1) -> 21 | N10: 0 | P10: =ROUND(K10-N10-L10-M10-O10,0) -> 3907
A11: =A10+1 -> 8 | B11: AJ008 | C11: KARAN HEMBRAM | D11: BCM | E11: 620 | F11: 4.5 | G11: =ROUND(E11*F11,0) -> 2790 | H11: 19 | I11: =ROUND(E11/8*H11,0) -> 1473 | K11: =ROUND(G11+I11+J11,0) -> 4263 | L11: =ROUND(G11*12%,0) -> 335 | M11: =CEILING(G11*0.75%,1) -> 21 | N11: 0 | P11: =ROUND(K11-N11-L11-M11-O11,0) -> 3907
A12: =A11+1 -> 9 | B12: AJ009 | C12: RAKESH SOREN | D12: BCM | E12: 620 | F12: 4.5 | G12: =ROUND(E12*F12,0) -> 2790 | H12: 19 | I12: =ROUND(E12/8*H12,0) -> 1473 | K12: =ROUND(G12+I12+J12,0) -> 4263 | L12: =ROUND(G12*12%,0) -> 335 | M12: =CEILING(G12*0.75%,1) -> 21 | N12: 0 | P12: =ROUND(K12-N12-L12-M12-O12,0) -> 3907
A13: =A12+1 -> 10 | B13: AJ010 | C13: BASUDEV SOREN | D13: BCM | E13: 620 | F13: 4.5 | G13: =ROUND(E13*F13,0) -> 2790 | H13: 19 | I13: =ROUND(E13/8*H13,0) -> 1473 | K13: =ROUND(G13+I13+J13,0) -> 4263 | L13: =ROUND(G13*12%,0) -> 335 | M13: =CEILING(G13*0.75%,1) -> 21 | N13: 0 | P13: =ROUND(K13-N13-L13-M13-O13,0) -> 3907
A14: =A13+1 -> 11 | B14: AJ011 | C14: CHAKBE JOY RENGA | D14: FO | E14: 620 | F14: 4.5 | G14: =ROUND(E14*F14,0) -> 2790 | H14: 19 | I14: =ROUND(E14/8*H14,0) -> 1473 | K14: =ROUND(G14+I14+J14,0) -> 4263 | L14: =ROUND(G14*12%,0) -> 335 | M14: =CEILING(G14*0.75%,1) -> 21 | N14: 0 | P14: =ROUND(K14-N14-L14-M14-O14,0) -> 3907
A15: =A14+1 -> 12 | B15: AJ012 | C15: PRAMOD PRASAD | D15: PP3 | E15: 620 | F15: 4.5 | G15: =ROUND(E15*F15,0) -> 2790 | H15: 19 | I15: =ROUND(E15/8*H15,0) -> 1473 | K15: =ROUND(G15+I15+J15,0) -> 4263 | L15: =ROUND(G15*12%,0) -> 335 | M15: =CEILING(G15*0.75%,1) -> 21 | N15: 0 | P15: =ROUND(K15-N15-L15-M15-O15,0) -> 3907
A16: =A15+1 -> 13 | B16: AJ013 | C16: DHIRAM MAHALI | D16: PP3 | E16: 620 | F16: 3.5 | G16: =ROUND(E16*F16,0) -> 2170 | H16: 15 | I16: =ROUND(E16/8*H16,0) -> 1163 | K16: =ROUND(G16+I16+J16,0) -> 3333 | L16: =ROUND(G16*12%,0) -> 260 | M16: =CEILING(G16*0.75%,1) -> 17 | N16: 0 | P16: =ROUND(K16-N16-L16-M16-O16,0) -> 3056
... A26: =A25+1 -> 23 | B26: AJ023 | C26: RAJ GOPAL | D26: PP3 | E26: 620 | F26: 1 | G26: =ROUND(E26*F26,0) -> 620 | H26: 2 | I26: =ROUND(E26/8*H26,0) -> 155 | K26: =ROUND(G26+I26+J26,0) -> 775 | L26: =ROUND(G26*12%,0) -> 74 | M26: =CEILING(G26*0.75%,1) -> 5 | N26: 0 | P26: =ROUND(K26-N26-L26-M26-O26,0) -> 696
A27: * | E27: * | F27: =SUM(F4:F26) -> 84.5 | G27: =SUM(G4:G26) -> 52390 | H27: =SUM(H4:H26) -> 346 | I27: =SUM(I4:I26) -> 26825 | J27: =SUM(J4:J26) -> 0 | K27: =SUM(K4:K26) -> 79215 | L27: =SUM(L4:L26) -> 6289 | M27: =SUM(M4:M26) -> 398 | ... P27: =SUM(P4:P26) -> 72528

Sheet Allowance
B2: OTHER ALLOWANCE
B3: S.NO | C3: E ID | D3: NAME | E3: DEPARTMENT | F3: W DAY | G3: ROOM ALLOW | H3: TRANSPORT ALLOW | I3: TOTAL ALLOWANCE
B4: 1 | C4: AJ001 | D4: LALHRIA TPULA | E4: BCM | F4: 5 | G4: =F4*50 -> 250 | H4: =F4*30 -> 150 | I4: =G4+H4 -> 400
B5: =B4+1 -> 2 | C5: AJ002 | D5: RANJIT MUHTO | E5: FO | F5: 5 | G5: =F5*50 -> 250 | H5: =F5*30 -> 150 | I5: =G5+H5 -> 400
B6: =B5+1 -> 3 | C6: AJ003 | D6: RAM VIJAY KUMAR | E6: BCM | F6: 5 | G6: =F6*50 -> 250 | H6: =F6*30 -> 150 | I6: =G6+H6 -> 400
B7: =B6+1 -> 4 | C7: AJ004 | D7: AKURAI | E7: BCM | F7: 5 | G7: =F7*50 -> 250 | H7: =F7*30 -> 150 | I7: =G7+H7 -> 400
B8: =B7+1 -> 5 | C8: AJ005 | D8: CHHOTELAL SOREN | E8: FO | F8: 5 | G8: =F8*50 -> 250 | H8: =F8*30 -> 150 | I8: =G8+H8 -> 400
B9: =B8+1 -> 6 | C9: AJ006 | D9: INDRAJIT REANG | E9: FO | F9: 5 | G9: =F9*50 -> 250 | H9: =F9*30 -> 150 | I9: =G9+H9 -> 400
B10: =B9+1 -> 7 | C10: AJ007 | D10: UDAI RAM REANG | E10: BCM | F10: 5 | G10: =F10*50 -> 250 | H10: =F10*30 -> 150 | I10: =G10+H10 -> 400
B11: =B10+1 -> 8 | C11: AJ008 | D11: KARAN HEMBRAM | E11: BCM | F11: 5 | G11: =F11*50 -> 250 | H11: =F11*30 -> 150 | I11: =G11+H11 -> 400
B12: =B11+1 -> 9 | C12: AJ009 | D12: RAKESH SOREN | E12: BCM | F12: 5 | G12: =F12*50 -> 250 | H12: =F12*30 -> 150 | I12: =G12+H12 -> 400
B13: =B12+1 -> 10 | C13: AJ010 | D13: BASUDEV SOREN | E13: BCM | F13: 5 | G13: =F13*50 -> 250 | H13: =F13*30 -> 150 | I13: =G13+H13 -> 400
B14: =B13+1 -> 11 | C14: AJ011 | D14: CHAKBE JOY RENGA | E14: FO | F14: 5 | G14: =F14*50 -> 250 | H14: =F14*30 -> 150 | I14: =G14+H14 -> 400
B15: =B14+1 -> 12 | C15: AJ012 | D15: PRAMOD PRASAD | E15: PP3 | F15: 5 | G15: =F15*50 -> 250 | H15: =F15*30 -> 150 | I15: =G15+H15 -> 400
B16: =B15+1 -> 13 | C16: AJ013 | D16: DHIRAM MAHALI | E16: PP3 | F16: 4 | G16: =F16*50 -> 200 | H16: =F16*30 -> 120 | I16: =G16+H16 -> 320
... B26: =B25+1 -> 23 | C26: AJ023 | D26: RAJ GOPAL | E26: PP3 | F26: 1 | G26: =F26*50 -> 50 | H26: =F26*30 -> 30 | I26: =G26+H26 -> 80
F27: =SUM(F4:F26) -> 93 | G27: =SUM(G4:G26) -> 4650 | H27: =SUM(H4:H26) -> 2790 | I27: =SUM(I4:I26) -> 7440
