Workbook

Sheet PF BREAKUP
B2: WAGES BREAKUP FOR THE MONTH OF FEB - 2023
B3: S.NO. | C3: PARTICULARS | F3: AMOUNT
B4: 1 | C4: PF & ESI REIMBURSHMENT
C5: PF - 13% | E5: =#REF! -> #REF! | F5: =ROUND(E5*13%,0) -> #REF!
C6: PF - 1% | E6: =#REF! -> #REF! | F6: =ROUND(E6*1%,0) -> #REF!
C7: ESI - 3.25% | E7: =(#REF!-#REF!)+(#REF!-#REF!) -> #REF! | F7: =ROUND(E7*3.25%,0) -> #REF!
B8: 2
C9: TOTAL | F9: =+F7+F5+F6 -> #REF!
B10: 3 | C10: CGST @ 9% on Billing Amount | F10: =ROUND(F9*9%,0) -> #REF!
B11: 4 | C11: SGST @ 9% on Billing Amount | F11: =ROUND(F9*9%,0) -> #REF!
C12: GRAND TOTAL | F12: =F9+F10+F11 -> #REF!
B13: Rupees : Fourty Three Thousand And Two Hundred Only/-
B19: For JOY MANPOWER SERVICE PROPRIETOR
B22: PROPRIETOR

Sheet PF BREAKUP (2)
B2: WAGES BREAKUP FOR THE MONTH OF FEB - 2023
B3: S.NO. | C3: PARTICULARS | F3: AMOUNT
B4: 1 | C4: PF & ESI REIMBURSHMENT
C5: PF - 13% | E5: =+#REF!+#REF! -> #REF! | F5: =ROUND(E5*13%,0) -> #REF! | H5: =+#REF!+#REF! -> #REF!
C6: PF - 1% | E6: =+#REF!+#REF! -> #REF! | F6: =ROUND(E6*1%,0) -> #REF! | H6: =+#REF!+#REF! -> #REF!
C7: ESI - 3.25% | E7: =+#REF!+#REF!-#REF!+#REF!-#REF!+#REF! -> #REF! | F7: =ROUND(E7*3.25%,0) -> #REF! | H7: =+#REF!-#REF!+#REF!+#REF!+#REF!-#REF! -> #REF!
B8: 2
C9: TOTAL | F9: =+F7+F5+F6 -> #REF!
B10: 3 | C10: CGST @ 9% on Billing Amount | F10: =ROUND(F9*9%,0) -> #REF!
B11: 4 | C11: SGST @ 9% on Billing Amount | F11: =ROUND(F9*9%,0) -> #REF!
C12: GRAND TOTAL | F12: =F9+F10+F11 -> #REF!
B13: Rupees : Sixty Thousand Nine Hundred and Ten only/-
B19: For JOY MANPOWER SERVICE PROPRIETOR
B22: PROPRIETOR

Sheet Internship
A1: Watertec India Pvt Ltd-UNIT I
A2: JOY MANPOWER SERVICE WAGES FOR THE MONTH OF OCT - 2024
A3: S NO | B3: EMP ID | C3: NAME | D3: DEPT | E3: D WAGES | F3: PAY DAYS | G3: BASIC 70% | H3: HRA 30% | I3: OT | J3: OT STIPEND | K3: F.ALLOW | L3: N.ALLOW | M3: ATTN BONUS | N3: ARREARS | O3: GROSS | P3: CANTEEN | Q3: RENT | R3: PF 12% | S3: ESI 0.75% | T3: OTHER DED | U3: NET AMOUNT | V3: SIGNATURE
A4: 1 | C4: Dhanush | D4: IMD | E4: 410 | G4: =ROUND((E4*(F4))*70%,0) -> 0 | H4: =ROUND((E4*(F4))*30%,0) -> 0 | I4: 0 | J4: =ROUND(+E4/8*I4,0) -> 0 | K4: 0 | L4: 0 | M4: 0 | O4: =ROUND(G4+H4+J4+K4+L4+M4+N4,0) -> 0 | U4: =ROUND(O4-P4-Q4-R4-S4-T4,0) -> 0
A5: =A4+1 -> 2 | C5: Sharvesh selvam | D5: IMD | E5: 410 | G5: =ROUND((E5*(F5))*70%,0) -> 0 | H5: =ROUND((E5*(F5))*30%,0) -> 0 | I5: 0 | J5: =ROUND(+E5/8*I5,0) -> 0 | K5: 0 | L5: 0 | M5: 0 | O5: =ROUND(G5+H5+J5+K5+L5+M5+N5,0) -> 0 | U5: =ROUND(O5-P5-Q5-R5-S5-T5,0) -> 0
F6: =SUM(F4:F5) -> 0 | G6: =SUM(G4:G5) -> 0 | H6: =SUM(H4:H5) -> 0 | I6: =SUM(I4:I5) -> 0 | J6: =SUM(J4:J5) -> 0 | K6: =SUM(K4:K5) -> 0 | L6: =SUM(L4:L5) -> 0 | M6: =SUM(M4:M5) -> 0 | ... U6: =SUM(U4:U5) -> 0

Sheet INVOICE
B3: Mobile - 9080776580
B4: GSTIN Number - 33AOAPR4773D1Z2
B5: INVOICE
B6: From | G6: Invoice Number | I6: 205/2026-27
B7: JOY MANPOWER SERVICE
B8: No.16, Krishna complex, Avinashi main road, | G8: Invoice Date | I8: 26/09/2026
B9: Thennampalayam, Arasur PO,
B10: Coimbatore - 641 407. | G10: PAN Number | I10: AOAPR4773D
B11: GSTIN Number : 33AOAPR4773D1Z2
B12: To | G12: SAC Code | I12: 998519
B13: Watertec India Private Limited - Unit - II
B14: 111/1 B, Paduvampalli Village | G14: PF Code | I14: CB/CBE/1724259000
B15: Sulur (T.K) Coimbatore - 641659
B16: GSTIN Number : 33AAACW1645G1ZM | G16: ESIC Code | I16: 56001195190001001
B18: Particulars | I18: Rs.
B20: 1. Being the Contract Services for supply of manpower | I20: =BREAKUP!F9 -> 1288467.1
B21: at your Factory permises from 26.08.2026 to 25.09.2026
B23: 2. CGST @ 9% on Billing Amount | I23: =+I20*9% -> 115962.04
B25: 3 .SGST @ 9% on Billing Amount | I25: =+I20*9% -> 115962.04
I27: =SUM(I20:I26) -> 1520391.2
B29: TOTAL AMOUNT :- | I29: =I27 -> 1520391.2
B31: =BREAKUP!B13 -> RUPEES : Fifteen Lakh Twenty Thousand Three Hundred And Ninety One only/-

Sheet BREAKUP
B2: WAGES BREAKUP FOR THE MONTH OF SEP - 2026
B3: S.NO. | C3: PARTICULARS | F3: AMOUNT
B4: 1 | C4: Being the Contract Services for supply of manpower at | F4: ='D WAGES ESI & PF'!W69+AUG!R5 -> 1141306.4
C5: your Factory permises from 26.08.2026 TO 25.09.2026
B6: 2 | C6: P.F.Employer Contribution @ 13% | D6: Rs. | E6: ='D WAGES ESI & PF'!N69 -> 404575.88 | F6: =E6*13% -> 52594.864
B7: 3 | C7: E.S.I Employer Contribution @ 3.25% | D7: Rs. | E7: =+'D WAGES ESI & PF'!X69 -> 802689.81 | F7: =E7*3.25% -> 26087.419
B8: 4 | C8: Service Charges @ 6% on Gross | F8: =+F4*6% -> 68478.386
C9: TOTAL | F9: =+F8+F4+F6+F7 -> 1288467.1
B10: 5 | C10: CGST @ 9% on Billing Amount | F10: =+F9*9% -> 115962.04
B11: 6 | C11: SGST @ 9% on Billing Amount | F11: =+F9*9% -> 115962.04
C12: GRAND TOTAL | F12: =F9+F10+F11 -> 1520391.2
B13: RUPEES : Fifteen Lakh Twenty Thousand Three Hundred And Ninety One only/-
C15: (-) Canteen Deduction | E15: ='D WAGES ESI & PF'!AA69+AUG!S5 -> 18080
C16: (-) Room Rent deduction | E16: ='D WAGES ESI & PF'!AB69+AUG!T5 -> 500
C17: (ADD) ROOM RENT (33*250) | E17: ='ROOM RENT'!E38 -> 8000

Sheet D WAGES ESI & PF
B1: 81459
A2: JOY MANPOWER SERVICE
A4: WAGES STATEMENT FOR THE MONTH OF SEP 2026
A5: S NO | B5: EMP ID | C5: NAME | D5: UAN Number | E5: ESI Number | F5: DEPT | I5: WAGES | J5: W. DAYS | K5: NFH | L5: P. DAYS | M5: WAGES | N5: BASIC 55% | O5: HRA 45% | P5: OT | Q5: OT WAGES | R5: FOOD ALLOW | S5: NIGHT ALLOW | T5: ATTN BONUS | U5: ARRIER | V5: ADDITIONAL | W5: GROSS | X5: ESI WAGES | Y5: PF 12% | Z5: ESI 0.75% | AA5: CANTEEN | AB5: RENT | AC5: NET WAGES | AD5: REMARKS
A6: 1 | B6: 80966 | C6: MANI MAPPU | D6: 101741563474 | E6: 5609042064 | F6: ADMIN | I6: 605 | J6: 25 | K6: 0 | L6: =J6+K6 -> 25 | M6: =(+I6*(L6)) -> 15125 | N6: =M6*55% -> 8318.75 | O6: =M6*45% -> 6806.25 | P6: 88 | Q6: =I6*55%/8*2*P6 -> 7320.5 | R6: 0 | S6: 0 | W6: =(M6+Q6+R6+S6+T6+U6+V6) -> 22445.5 | X6: =+W6-O6 -> 15639.25 | Y6: =ROUND(N6*12%,0) -> 998 | Z6: =CEILING((X6-T6)*0.75%,1) -> 118 | AA6: 580 | AC6: =ROUND((W6)-(Y6+Z6+AA6+AB6),0) -> 20750
A7: =A6+1 -> 2 | B7: 80978 | C7: SILOMANI | D7: 101699824282 | E7: 5609761145 | F7: ADMIN | I7: 605 | J7: 24 | K7: 0 | L7: =J7+K7 -> 24 | M7: =(+I7*(L7)) -> 14520 | N7: =M7*55% -> 7986 | O7: =M7*45% -> 6534 | P7: 68 | Q7: =I7*55%/8*2*P7 -> 5656.75 | R7: 0 | S7: 0 | W7: =(M7+Q7+R7+S7+T7+U7+V7) -> 20176.75 | X7: =+W7-O7 -> 13642.75 | Y7: =ROUND(N7*12%,0) -> 958 | Z7: =CEILING((X7-T7)*0.75%,1) -> 103 | AA7: 0 | AC7: =ROUND((W7)-(Y7+Z7+AA7+AB7),0) -> 19116
A8: =A7+1 -> 3 | B8: 81121 | C8: DILIP MANJHI | D8: 101732329797 | E8: 5609948763 | F8: EXTRUDER-GRINDING | I8: 635 | J8: 24 | K8: 0 | L8: =J8+K8 -> 24 | M8: =(+I8*(L8)) -> 15240 | N8: =M8*55% -> 8382 | O8: =M8*45% -> 6858 | P8: 96 | Q8: =I8*55%/8*2*P8 -> 8382 | R8: 480 | S8: 765 | W8: =(M8+Q8+R8+S8+T8+U8+V8) -> 24867 | X8: =+W8-O8 -> 18009 | Y8: =ROUND(N8*12%,0) -> 1006 | Z8: =CEILING((X8-T8)*0.75%,1) -> 136 | AA8: 480 | AC8: =ROUND((W8)-(Y8+Z8+AA8+AB8),0) -> 23245
A9: =A8+1 -> 4 | B9: 81197 | C9: MANI RANGASAMY | D9: 102015030735 | E9: 5610286347 | F9: ADMIN | I9: 605 | J9: 26 | K9: 0 | L9: =J9+K9 -> 26 | M9: =(+I9*(L9)) -> 15730 | N9: =M9*55% -> 8651.5 | O9: =M9*45% -> 7078.5 | P9: 69 | Q9: =I9*55%/8*2*P9 -> 5739.9375 | R9: 0 | S9: 0 | W9: =(M9+Q9+R9+S9+T9+U9+V9) -> 21469.938 | X9: =+W9-O9 -> 14391.438 | Y9: =ROUND(N9*12%,0) -> 1038 | Z9: =CEILING((X9-T9)*0.75%,1) -> 108 | AA9: 0 | AC9: =ROUND((W9)-(Y9+Z9+AA9+AB9),0) -> 20324
A10: =A9+1 -> 5 | B10: 81245 | C10: KAVERI A | D10: 101564896853 | E10: 5610651503 | F10: PACKING | I10: 605 | J10: 23 | K10: 0 | L10: =J10+K10 -> 23 | M10: =(+I10*(L10)) -> 13915 | N10: =M10*55% -> 7653.25 | O10: =M10*45% -> 6261.75 | P10: 36 | Q10: =I10*55%/8*2*P10 -> 2994.75 | R10: 60 | S10: 0 | W10: =(M10+Q10+R10+S10+T10+U10+V10) -> 16969.75 | X10: =+W10-O10 -> 10708 | Y10: =ROUND(N10*12%,0) -> 918 | Z10: =CEILING((X10-T10)*0.75%,1) -> 81 | AA10: 0 | AC10: =ROUND((W10)-(Y10+Z10+AA10+AB10),0) -> 15971
A11: =A10+1 -> 6 | B11: 81367 | C11: RAJKISHOR MARANDI | F11: EXTRUDER | I11: 625 | J11: 21 | K11: 0 | L11: =J11+K11 -> 21 | M11: =(+I11*(L11)) -> 13125 | N11: =M11*55% -> 7218.75 | O11: =M11*45% -> 5906.25 | P11: 84 | Q11: =I11*55%/8*2*P11 -> 7218.75 | R11: 420 | S11: 495 | W11: =(M11+Q11+R11+S11+T11+U11+V11) -> 21258.75 | X11: =+W11-O11 -> 15352.5 | Y11: =ROUND(N11*12%,0) -> 866 | Z11: =CEILING((X11-T11)*0.75%,1) -> 116 | AA11: 420 | AC11: =ROUND((W11)-(Y11+Z11+AA11+AB11),0) -> 19857
A12: =A11+1 -> 7 | B12: 81413 | C12: TULSI SAW | F12: EXTRUDER-MIXING | I12: 635 | J12: 25 | K12: 0 | L12: =J12+K12 -> 25 | M12: =(+I12*(L12)) -> 15875 | N12: =M12*55% -> 8731.25 | O12: =M12*45% -> 7143.75 | P12: 100 | Q12: =I12*55%/8*2*P12 -> 8731.25 | R12: 500 | S12: 495 | W12: =(M12+Q12+R12+S12+T12+U12+V12) -> 25601.25 | X12: =+W12-O12 -> 18457.5 | Y12: =ROUND(N12*12%,0) -> 1048 | Z12: =CEILING((X12-T12)*0.75%,1) -> 139 | AA12: 500 | AC12: =ROUND((W12)-(Y12+Z12+AA12+AB12),0) -> 23914
A13: =A12+1 -> 8 | B13: 81448 | C13: NIRMAL HANSDA | F13: EXTRUDER | I13: 625 | J13: 5 | K13: 0 | L13: =J13+K13 -> 5 | M13: =(+I13*(L13)) -> 3125 | N13: =M13*55% -> 1718.75 | O13: =M13*45% -> 1406.25 | P13: 20 | Q13: =I13*55%/8*2*P13 -> 1718.75 | R13: 100 | S13: 90 | W13: =(M13+Q13+R13+S13+T13+U13+V13) -> 5033.75 | X13: =+W13-O13 -> 3627.5 | Y13: =ROUND(N13*12%,0) -> 206 | Z13: =CEILING((X13-T13)*0.75%,1) -> 28 | AA13: 100 | AC13: =ROUND((W13)-(Y13+Z13+AA13+AB13),0) -> 4700
A14: =A13+1 -> 9 | B14: 81450 | C14: HARADHAN KISKU | F14: EXTRUDER | I14: 625 | J14: 8 | K14: 0 | L14: =J14+K14 -> 8 | M14: =(+I14*(L14)) -> 5000 | N14: =M14*55% -> 2750 | O14: =M14*45% -> 2250 | P14: 32 | Q14: =I14*55%/8*2*P14 -> 2750 | R14: 160 | S14: 90 | W14: =(M14+Q14+R14+S14+T14+U14+V14) -> 8000 | X14: =+W14-O14 -> 5750 | Y14: =ROUND(N14*12%,0) -> 330 | Z14: =CEILING((X14-T14)*0.75%,1) -> 44 | AA14: 160 | AC14: =ROUND((W14)-(Y14+Z14+AA14+AB14),0) -> 7466
A15: =A14+1 -> 10 | B15: 81458 | C15: RAJKUMAR TUDU | F15: EXTRUDER-MIXING | I15: 635 | J15: 16 | K15: 0 | L15: =J15+K15 -> 16 | M15: =(+I15*(L15)) -> 10160 | N15: =M15*55% -> 5588 | O15: =M15*45% -> 4572 | P15: 64 | Q15: =I15*55%/8*2*P15 -> 5588 | R15: 320 | S15: 315 | W15: =(M15+Q15+R15+S15+T15+U15+V15) -> 16383 | X15: =+W15-O15 -> 11811 | Y15: =ROUND(N15*12%,0) -> 671 | Z15: =CEILING((X15-T15)*0.75%,1) -> 89 | AA15: 320 | AC15: =ROUND((W15)-(Y15+Z15+AA15+AB15),0) -> 15303
A16: =A15+1 -> 11 | B16: 81464 | C16: PINTU KUMAR | F16: ADMIN | I16: 605 | J16: 24 | K16: 0 | L16: =J16+K16 -> 24 | M16: =(+I16*(L16)) -> 14520 | N16: =M16*55% -> 7986 | O16: =M16*45% -> 6534 | P16: 134 | Q16: =I16*55%/8*2*P16 -> 11147.125 | R16: 400 | S16: 1080 | W16: =(M16+Q16+R16+S16+T16+U16+V16) -> 27147.125 | X16: =+W16-O16 -> 20613.125 | Y16: =ROUND(N16*12%,0) -> 958 | Z16: =CEILING((X16-T16)*0.75%,1) -> 155 | AA16: 0 | AC16: =ROUND((W16)-(Y16+Z16+AA16+AB16),0) -> 26034
A17: =A16+1 -> 12 | B17: 81465 | C17: SARJAN MANDAL | F17: EXTRUDER-GRINDING | I17: 635 | J17: 14 | K17: 0 | L17: =J17+K17 -> 14 | M17: =(+I17*(L17)) -> 8890 | N17: =M17*55% -> 4889.5 | O17: =M17*45% -> 4000.5 | P17: 66 | Q17: =I17*55%/8*2*P17 -> 5762.625 | R17: 300 | S17: 0 | W17: =(M17+Q17+R17+S17+T17+U17+V17) -> 14952.625 | X17: =+W17-O17 -> 10952.125 | Y17: =ROUND(N17*12%,0) -> 587 | Z17: =CEILING((X17-T17)*0.75%,1) -> 83 | AA17: 300 | AC17: =ROUND((W17)-(Y17+Z17+AA17+AB17),0) -> 13983
A18: =A17+1 -> 13 | B18: 81483 | C18: SUDHA NANJAPPAN | F18: PACKING | I18: 605 | J18: 22 | K18: 0 | L18: =J18+K18 -> 22 | M18: =(+I18*(L18)) -> 13310 | N18: =M18*55% -> 7320.5 | O18: =M18*45% -> 5989.5 | P18: 0 | Q18: =I18*55%/8*2*P18 -> 0 | R18: 0 | S18: 0 | W18: =(M18+Q18+R18+S18+T18+U18+V18) -> 13310 | X18: =+W18-O18 -> 7320.5 | Y18: =ROUND(N18*12%,0) -> 878 | Z18: =CEILING((X18-T18)*0.75%,1) -> 55 | AA18: 0 | AC18: =ROUND((W18)-(Y18+Z18+AA18+AB18),0) -> 12377
A19: =A18+1 -> 14 | B19: 81496 | C19: SUBRAMANI | F19: ADMIN | I19: 605 | J19: 17 | K19: 0 | L19: =J19+K19 -> 17 | M19: =(+I19*(L19)) -> 10285 | N19: =M19*55% -> 5656.75 | O19: =M19*45% -> 4628.25 | P19: 32 | Q19: =I19*55%/8*2*P19 -> 2662 | R19: 0 | S19: 0 | W19: =(M19+Q19+R19+S19+T19+U19+V19) -> 12947 | X19: =+W19-O19 -> 8318.75 | Y19: =ROUND(N19*12%,0) -> 679 | Z19: =CEILING((X19-T19)*0.75%,1) -> 63 | AA19: 0 | AC19: =ROUND((W19)-(Y19+Z19+AA19+AB19),0) -> 12205
A20: =A19+1 -> 15 | B20: 81499 | C20: PAVALAKODI | F20: PACKING | I20: 605 | J20: 21 | K20: 0 | L20: =J20+K20 -> 21 | M20: =(+I20*(L20)) -> 12705 | N20: =M20*55% -> 6987.75 | O20: =M20*45% -> 5717.25 | P20: 28 | Q20: =I20*55%/8*2*P20 -> 2329.25 | R20: 60 | S20: 0 | W20: =(M20+Q20+R20+S20+T20+U20+V20) -> 15094.25 | X20: =+W20-O20 -> 9377 | Y20: =ROUND(N20*12%,0) -> 839 | Z20: =CEILING((X20-T20)*0.75%,1) -> 71 | AA20: 0 | AC20: =ROUND((W20)-(Y20+Z20+AA20+AB20),0) -> 14184
A21: =A20+1 -> 16 | B21: 81501 | C21: KANGRESH MARANDI | F21: EXTRUDER | I21: 625 | J21: 25 | K21: 0 | L21: =J21+K21 -> 25 | M21: =(+I21*(L21)) -> 15625 | N21: =M21*55% -> 8593.75 | O21: =M21*45% -> 7031.25 | P21: 98 | Q21: =I21*55%/8*2*P21 -> 8421.875 | R21: 480 | S21: 450 | W21: =(M21+Q21+R21+S21+T21+U21+V21) -> 24976.875 | X21: =+W21-O21 -> 17945.625 | Y21: =ROUND(N21*12%,0) -> 1031 | Z21: =CEILING((X21-T21)*0.75%,1) -> 135 | AA21: 500 | AC21: =ROUND((W21)-(Y21+Z21+AA21+AB21),0) -> 23311
A22: =A21+1 -> 17 | B22: 81502 | C22: GOWSALAYA | F22: PACKING | I22: 605 | J22: 25.5 | K22: 0 | L22: =J22+K22 -> 25.5 | M22: =(+I22*(L22)) -> 15427.5 | N22: =M22*55% -> 8485.125 | O22: =M22*45% -> 6942.375 | P22: 24 | Q22: =I22*55%/8*2*P22 -> 1996.5 | R22: 20 | S22: 0 | W22: =(M22+Q22+R22+S22+T22+U22+V22) -> 17444 | X22: =+W22-O22 -> 10501.625 | Y22: =ROUND(N22*12%,0) -> 1018 | Z22: =CEILING((X22-T22)*0.75%,1) -> 79 | AA22: 0 | AC22: =ROUND((W22)-(Y22+Z22+AA22+AB22),0) -> 16347
... A28: =A27+1 -> 23 | B28: 81528 | C28: RAJKUMAR TUDU | F28: EXTRUDER | I28: 625 | J28: 24 | K28: 0 | L28: =J28+K28 -> 24 | M28: =(+I28*(L28)) -> 15000 | N28: =M28*55% -> 8250 | O28: =M28*45% -> 6750 | P28: 96 | Q28: =I28*55%/8*2*P28 -> 8250 | R28: 480 | S28: 630 | W28: =(M28+Q28+R28+S28+T28+U28+V28) -> 24360 | X28: =+W28-O28 -> 17610 | Y28: =ROUND(N28*12%,0) -> 990 | Z28: =CEILING((X28-T28)*0.75%,1) -> 133 | AA28: 480 | AC28: =ROUND((W28)-(Y28+Z28+AA28+AB28),0) -> 22757
A29: =A28+1 -> 24 | B29: 81530 | C29: SELVA KUMAR | F29: IMD | I29: 605 | J29: 19 | K29: 0 | L29: =J29+K29 -> 19 | M29: =(+I29*(L29)) -> 11495 | N29: =M29*55% -> 6322.25 | O29: =M29*45% -> 5172.75 | P29: 76 | Q29: =I29*55%/8*2*P29 -> 6322.25 | R29: 380 | S29: 315 | W29: =(M29+Q29+R29+S29+T29+U29+V29) -> 18512.25 | X29: =+W29-O29 -> 13339.5 | Y29: =ROUND(N29*12%,0) -> 759 | Z29: =CEILING((X29-T29)*0.75%,1) -> 101 | AA29: 380 | AB29: 500 | AC29: =ROUND((W29)-(Y29+Z29+AA29+AB29),0) -> 16772
A30: =A29+1 -> 25 | B30: 81531 | C30: SANTHOSH KUMAR | F30: IMD | I30: 605 | J30: 18 | K30: 0 | L30: =J30+K30 -> 18 | M30: =(+I30*(L30)) -> 10890 | N30: =M30*55% -> 5989.5 | O30: =M30*45% -> 4900.5 | P30: 69 | Q30: =I30*55%/8*2*P30 -> 5739.9375 | R30: 340 | S30: 450 | W30: =(M30+Q30+R30+S30+T30+U30+V30) -> 17419.938 | X30: =+W30-O30 -> 12519.438 | Y30: =ROUND(N30*12%,0) -> 719 | Z30: =CEILING((X30-T30)*0.75%,1) -> 94 | AA30: 0 | AC30: =ROUND((W30)-(Y30+Z30+AA30+AB30),0) -> 16607
A31: =A30+1 -> 26 | B31: 81532 | C31: ANUP ORAON | F31: EXTRUDER-MIXING | I31: 635 | J31: 24 | K31: 0 | L31: =J31+K31 -> 24 | M31: =(+I31*(L31)) -> 15240 | N31: =M31*55% -> 8382 | O31: =M31*45% -> 6858 | P31: 96 | Q31: =I31*55%/8*2*P31 -> 8382 | R31: 480 | S31: 270 | W31: =(M31+Q31+R31+S31+T31+U31+V31) -> 24372 | X31: =+W31-O31 -> 17514 | Y31: =ROUND(N31*12%,0) -> 1006 | Z31: =CEILING((X31-T31)*0.75%,1) -> 132 | AA31: 480 | AC31: =ROUND((W31)-(Y31+Z31+AA31+AB31),0) -> 22754
A32: =A31+1 -> 27 | B32: 81533 | C32: MANOHAR KUJUR | F32: EXTRUDER | I32: 625 | J32: 23 | K32: 0 | L32: =J32+K32 -> 23 | M32: =(+I32*(L32)) -> 14375 | N32: =M32*55% -> 7906.25 | O32: =M32*45% -> 6468.75 | P32: 92 | Q32: =I32*55%/8*2*P32 -> 7906.25 | R32: 460 | S32: 315 | W32: =(M32+Q32+R32+S32+T32+U32+V32) -> 23056.25 | X32: =+W32-O32 -> 16587.5 | Y32: =ROUND(N32*12%,0) -> 949 | Z32: =CEILING((X32-T32)*0.75%,1) -> 125 | AA32: 460 | AC32: =ROUND((W32)-(Y32+Z32+AA32+AB32),0) -> 21522
A33: =A32+1 -> 28 | B33: 81534 | C33: SOMNATH ORAON | F33: EXTRUDER-MIXING | I33: 635 | J33: 23 | K33: 0 | L33: =J33+K33 -> 23 | M33: =(+I33*(L33)) -> 14605 | N33: =M33*55% -> 8032.75 | O33: =M33*45% -> 6572.25 | P33: 92 | Q33: =I33*55%/8*2*P33 -> 8032.75 | R33: 460 | S33: 630 | W33: =(M33+Q33+R33+S33+T33+U33+V33) -> 23727.75 | X33: =+W33-O33 -> 17155.5 | Y33: =ROUND(N33*12%,0) -> 964 | Z33: =CEILING((X33-T33)*0.75%,1) -> 129 | AA33: 460 | AC33: =ROUND((W33)-(Y33+Z33+AA33+AB33),0) -> 22175
A34: =A33+1 -> 29 | B34: 81535 | C34: VANESHWARI | F34: PACKING | I34: 605 | J34: 23 | K34: 0 | L34: =J34+K34 -> 23 | M34: =(+I34*(L34)) -> 13915 | N34: =M34*55% -> 7653.25 | O34: =M34*45% -> 6261.75 | P34: 8 | Q34: =I34*55%/8*2*P34 -> 665.5 | R34: 40 | S34: 0 | W34: =(M34+Q34+R34+S34+T34+U34+V34) -> 14620.5 | X34: =+W34-O34 -> 8358.75 | Y34: =ROUND(N34*12%,0) -> 918 | Z34: =CEILING((X34-T34)*0.75%,1) -> 63 | AA34: 0 | AC34: =ROUND((W34)-(Y34+Z34+AA34+AB34),0) -> 13640
A35: =A34+1 -> 30 | B35: 81536 | C35: KARAM SINGH MERAI | F35: IMD | I35: 605 | J35: 23 | K35: 0 | L35: =J35+K35 -> 23 | M35: =(+I35*(L35)) -> 13915 | N35: =M35*55% -> 7653.25 | O35: =M35*45% -> 6261.75 | P35: 92 | Q35: =I35*55%/8*2*P35 -> 7653.25 | R35: 460 | S35: 675 | W35: =(M35+Q35+R35+S35+T35+U35+V35) -> 22703.25 | X35: =+W35-O35 -> 16441.5 | Y35: =ROUND(N35*12%,0) -> 918 | Z35: =CEILING((X35-T35)*0.75%,1) -> 124 | AA35: 460 | AC35: =ROUND((W35)-(Y35+Z35+AA35+AB35),0) -> 21201
A36: =A35+1 -> 31 | B36: 81538 | C36: MANAY SIRKA | F36: IMD | I36: 605 | J36: 23 | K36: 0 | L36: =J36+K36 -> 23 | M36: =(+I36*(L36)) -> 13915 | N36: =M36*55% -> 7653.25 | O36: =M36*45% -> 6261.75 | P36: 92 | Q36: =I36*55%/8*2*P36 -> 7653.25 | R36: 460 | S36: 585 | W36: =(M36+Q36+R36+S36+T36+U36+V36) -> 22613.25 | X36: =+W36-O36 -> 16351.5 | Y36: =ROUND(N36*12%,0) -> 918 | Z36: =CEILING((X36-T36)*0.75%,1) -> 123 | AA36: 460 | AC36: =ROUND((W36)-(Y36+Z36+AA36+AB36),0) -> 21112
A37: =A36+1 -> 32 | B37: 81539 | C37: ASHISH MALLIK | F37: STORES | I37: 605 | J37: 10 | K37: 0 | L37: =J37+K37 -> 10 | M37: =(+I37*(L37)) -> 6050 | N37: =M37*55% -> 3327.5 | O37: =M37*45% -> 2722.5 | P37: 40 | Q37: =I37*55%/8*2*P37 -> 3327.5 | R37: 200 | S37: 270 | W37: =(M37+Q37+R37+S37+T37+U37+V37) -> 9847.5 | X37: =+W37-O37 -> 7125 | Y37: =ROUND(N37*12%,0) -> 399 | Z37: =CEILING((X37-T37)*0.75%,1) -> 54 | AA37: 200 | AC37: =ROUND((W37)-(Y37+Z37+AA37+AB37),0) -> 9195
A38: =A37+1 -> 33 | B38: 81540 | C38: SONU MALLICK | F38: STORES | I38: 605 | J38: 9 | K38: 0 | L38: =J38+K38 -> 9 | M38: =(+I38*(L38)) -> 5445 | N38: =M38*55% -> 2994.75 | O38: =M38*45% -> 2450.25 | P38: 36 | Q38: =I38*55%/8*2*P38 -> 2994.75 | R38: 180 | S38: 0 | W38: =(M38+Q38+R38+S38+T38+U38+V38) -> 8619.75 | X38: =+W38-O38 -> 6169.5 | Y38: =ROUND(N38*12%,0) -> 359 | Z38: =CEILING((X38-T38)*0.75%,1) -> 47 | AA38: 180 | AC38: =ROUND((W38)-(Y38+Z38+AA38+AB38),0) -> 8034
A39: =A38+1 -> 34 | B39: 81541 | C39: KISHUN KUMAR MALLIK | F39: IMD | I39: 605 | J39: 9 | K39: 0 | L39: =J39+K39 -> 9 | M39: =(+I39*(L39)) -> 5445 | N39: =M39*55% -> 2994.75 | O39: =M39*45% -> 2450.25 | P39: 36 | Q39: =I39*55%/8*2*P39 -> 2994.75 | R39: 180 | S39: 225 | W39: =(M39+Q39+R39+S39+T39+U39+V39) -> 8844.75 | X39: =+W39-O39 -> 6394.5 | Y39: =ROUND(N39*12%,0) -> 359 | Z39: =CEILING((X39-T39)*0.75%,1) -> 48 | AA39: 180 | AC39: =ROUND((W39)-(Y39+Z39+AA39+AB39),0) -> 8258
A40: =A39+1 -> 35 | B40: 81542 | C40: ROHIT KUMAR MALLICK | F40: IMD | I40: 605 | J40: 23 | K40: 0 | L40: =J40+K40 -> 23 | M40: =(+I40*(L40)) -> 13915 | N40: =M40*55% -> 7653.25 | O40: =M40*45% -> 6261.75 | P40: 92 | Q40: =I40*55%/8*2*P40 -> 7653.25 | R40: 460 | S40: 405 | W40: =(M40+Q40+R40+S40+T40+U40+V40) -> 22433.25 | X40: =+W40-O40 -> 16171.5 | Y40: =ROUND(N40*12%,0) -> 918 | Z40: =CEILING((X40-T40)*0.75%,1) -> 122 | AA40: 460 | AC40: =ROUND((W40)-(Y40+Z40+AA40+AB40),0) -> 20933
A41: =A40+1 -> 36 | B41: 81543 | C41: KRISHNA KUMAR MALLIK | F41: IMD | I41: 605 | J41: 22 | K41: 0 | L41: =J41+K41 -> 22 | M41: =(+I41*(L41)) -> 13310 | N41: =M41*55% -> 7320.5 | O41: =M41*45% -> 5989.5 | P41: 88 | Q41: =I41*55%/8*2*P41 -> 7320.5 | R41: 440 | S41: 585 | W41: =(M41+Q41+R41+S41+T41+U41+V41) -> 21655.5 | X41: =+W41-O41 -> 15666 | Y41: =ROUND(N41*12%,0) -> 878 | Z41: =CEILING((X41-T41)*0.75%,1) -> 118 | AA41: 440 | AC41: =ROUND((W41)-(Y41+Z41+AA41+AB41),0) -> 20220
... A68: =A67+1 -> 63 | B68: 81612 | C68: UDAIRAM REANG | F68: ADMIN | I68: 605 | J68: 4 | K68: 0 | L68: =J68+K68 -> 4 | M68: =(+I68*(L68)) -> 2420 | N68: =M68*55% -> 1331 | O68: =M68*45% -> 1089 | P68: 8 | Q68: =I68*55%/8*2*P68 -> 665.5 | R68: 0 | S68: 0 | W68: =(M68+Q68+R68+S68+T68+U68+V68) -> 3085.5 | X68: =+W68-O68 -> 1996.5 | Y68: =ROUND(N68*12%,0) -> 160 | Z68: =CEILING((X68-T68)*0.75%,1) -> 15 | AA68: 80 | AC68: =ROUND((W68)-(Y68+Z68+AA68+AB68),0) -> 2831
A69: * | B69: * | C69: TOTAL | D69: * | E69: * | F69: * | I69: * | J69: =SUM(J6:J68) -> 1194.5 | K69: =SUM(K6:K68) -> 0 | L69: =SUM(L6:L68) -> 1194.5 | M69: =SUM(M6:M68) -> 735592.5 | N69: =SUM(N6:N68) -> 404575.88 | O69: =SUM(O6:O68) -> 331016.62 | P69: =SUM(P6:P68) -> 4237 | Q69: =SUM(Q6:Q68) -> 359598.94 | ... AC69: =SUM(AC6:AC68) -> 1060530

Sheet AUG
A1: Watertec India Pvt Ltd-UNIT II
A2: JOY MANPOWER SERVICE WAGES FOR THE MONTH OF SEP - 2026
A3: S NO | B3: EMP ID | C3: NAME | D3: DEPT | E3: D WAGES | F3: W DAYS | G3: NFH | H3: PAY DAYS | I3: BASIC 55% | J3: HRA 45% | K3: OT | L3: OT STIPEND | M3: F.ALLOW | N3: N.ALLOW | O3: ADDITIONAL | P3: ARREAR | Q3: ARREARS | R3: GROSS | S3: CANTEEN | T3: RENT | U3: PF 12% | V3: ESI 0.75% | W3: OTHER DED | X3: NET AMOUNT
A4: 1 | C4: SUBRAMANI M | D4: ADMIN | E4: 400 | H4: 19 | I4: =ROUND((E4*(H4))*55%,0) -> 4180 | J4: =ROUND((E4*(H4))*45%,0) -> 3420 | K4: 0 | L4: =ROUND((E4/8)*K4,0) -> 0 | M4: 0 | N4: 0 | R4: =ROUND(I4+J4+L4+M4+N4+P4,0) -> 7600 | S4: 0 | T4: 0 | X4: =ROUND(R4-S4-T4-U4-V4-W4,0) -> 7600
A5: * | B5: * | C5: * | D5: * | E5: * | F5: =SUM(#REF!) -> #REF! | G5: =SUM(#REF!) -> #REF! | H5: =SUM(H4:H4) -> 19 | I5: =SUM(I4:I4) -> 4180 | J5: =SUM(J4:J4) -> 3420 | K5: =SUM(K4:K4) -> 0 | L5: =SUM(L4:L4) -> 0 | M5: =SUM(M4:M4) -> 0 | N5: =SUM(N4:N4) -> 0 | O5: =SUM(O4:O4) -> 0 | P5: =SUM(#REF!) -> #REF! | Q5: =SUM(#REF!) -> #REF! | R5: =SUM(R4:R4) -> 7600 | S5: =SUM(S4:S4) -> 0 | T5: =SUM(T4:T4) -> 0 | U5: =SUM(#REF!) -> #REF! | V5: =SUM(#REF!) -> #REF! | W5: =SUM(W4:W4) -> 0 | X5: =SUM(X4:X4) -> 7600

Sheet ROOM RENT
A2: JOY MANPOWER SERVICE
A3: ROOM RENT FOR THE MONTH OF SEP - 2026 (WT - UNIT II)
A5: S NO | B5: EMP ID | C5: NAME | D5: DEPT | E5: ROOM RENT
A6: 1 | B6: 81121 | C6: DILIP MANJHI | D6: EXTRUDER-GRINDING | E6: 250
A7: =A6+1 -> 2 | B7: 81367 | C7: RAJKISHOR MARANDI | D7: EXTRUDER | E7: 250
A8: =A7+1 -> 3 | B8: 81413 | C8: TULSI SAW | D8: EXTRUDER-MIXING | E8: 250
A9: =A8+1 -> 4 | B9: 81458 | C9: RAJKUMAR TUDU | D9: EXTRUDER-MIXING | E9: 250
A10: =A9+1 -> 5 | B10: 81501 | C10: KANGRESH MARANDI | D10: EXTRUDER | E10: 250
A11: =A10+1 -> 6 | B11: 81514 | C11: UMAKANTH | D11: EXTRUDER | E11: 250
A12: =A11+1 -> 7 | B12: 81515 | C12: AJAY KUMAR | D12: EXTRUDER-MIXING | E12: 250
A13: =A12+1 -> 8 | B13: 81528 | C13: RAJKUMAR TUDU | D13: EXTRUDER | E13: 250
A14: =A13+1 -> 9 | B14: 81532 | C14: ANUP ORAON | D14: EXTRUDER-MIXING | E14: 250
A15: =A14+1 -> 10 | B15: 81533 | C15: MANOHAR KUJUR | D15: EXTRUDER | E15: 250
A16: =A15+1 -> 11 | B16: 81534 | C16: SOMNATH ORAON | D16: EXTRUDER-MIXING | E16: 250
A17: =A16+1 -> 12 | B17: 81536 | C17: KARAM SINGH MERAI | D17: IMD | E17: 250
A18: =A17+1 -> 13 | B18: 81538 | C18: MANAY SIRKA | D18: IMD | E18: 250
... A37: =A36+1 -> 32 | B37: 81608 | C37: MANOJ ROY | D37: EXTRUDER | E37: 250
E38: =SUM(E6:E37) -> 8000

Sheet ESI AND EPF M WAGES
A2: JOY MANPOWER SERVICE
A3: WAGES STATEMENT FOR THE MONTH OF MAY - 2022 UNIT II
A4: S NO | B4: PUNCHING NO | C4: NAME | D4: DEPT | E4: D WAGES | F4: W DAYS | G4: C OFF | H4: W DAYS | I4: STIPEND | J4: BASIC 70% | K4: HRA 30% | L4: OT | M4: OT STIPEND | N4: F.ALLOWANCE | O4: N.ALLOWANCE | P4: ATTEN BONUS | Q4: GROSS | R4: PF 12% | S4: ESI 0.75% | T4: CANTEEN | U4: RENT | V4: NET AMOUNT | W4: SIGNATURE
A5: 1 | D5: IMD | E5: 10264 | F5: 26 | G5: 2 | I5: =E5/31*H5 -> 0 | J5: =I5*70/100 -> 0 | K5: =I5*30/100 -> 0 | M5: =E5/31/8*L5 -> 0 | O5: 0 | P5: 0 | Q5: =+P5+O5+N5+M5+I5 -> 0 | R5: =+J5*12% -> 0 | S5: =CEILING((Q5-P5)*0.75%,1) -> 0 | U5: 0 | V5: =+Q5-R5-S5-T5-U5 -> 0
C6: TOTAL | F6: =SUM(F5:F5) -> 26 | G6: =SUM(G5:G5) -> 2 | H6: =SUM(H5:H5) -> 0 | I6: =SUM(I5:I5) -> 0 | J6: =SUM(J5:J5) -> 0 | K6: =SUM(K5:K5) -> 0 | L6: =SUM(L5:L5) -> 0 | M6: =SUM(M5:M5) -> 0 | ... V6: =SUM(V5:V5) -> 0

Sheet rent
A2: JOY MANPOWER SERVICE
A3: WAGES STATEMENT FOR THE MONTH OF NOV - 2021 (WT - UNIT II)
A4: S NO | B4: EMP ID | C4: NAME | D4: DEPT | E4: WAGES | F4: W DAYS | G4: C OFF | H4: TOTAL DAYS | I4: WAGES | J4: BASIC 70% | K4: HRA 30% | L4: OT | M4: OT WAGES | N4: FOOD ALLOW | O4: NIGHT ALLOW | P4: ATTN BONUS | Q4: GROSS | R4: PF 12% | S4: ESI 0.75% | T4: CANTEEN | U4: RENT | V4: NET WAGES | W4: REMARKS
A5: 1 | B5: 80331 | C5: VIMALPANDI PALPANDI | D5: IMD | E5: 324 | F5: 17 | G5: 2 | H5: =F5+G5 -> 19 | I5: =+E5*(H5) -> 6156 | J5: =ROUND(I5*70%,0) -> 4309 | K5: =ROUND(I5*30%,0) -> 1847 | L5: 76 | M5: =E5/8*L5 -> 3078 | N5: 380 | O5: 280 | P5: 0 | Q5: =+P5+O5+N5+M5+I5 -> 9894 | R5: =+J5*12% -> 517.08 | S5: =CEILING((Q5-P5)*0.75%,1) -> 75 | T5: 40 | V5: =Q5-R5-S5-T5-U5 -> 9261.92
A6: 2 | B6: 80388 | C6: BIRSA BARJO | D6: MIXER | E6: 378 | F6: 23 | G6: 1 | H6: =F6+G6 -> 24 | I6: =+E6*(H6) -> 9072 | J6: =ROUND(I6*70%,0) -> 6350 | K6: =ROUND(I6*30%,0) -> 2722 | L6: 92 | M6: =E6/8*L6 -> 4347 | N6: 460 | O6: 240 | P6: 500 | Q6: =+P6+O6+N6+M6+I6 -> 14619 | R6: =+J6*12% -> 762 | S6: =CEILING((Q6-P6)*0.75%,1) -> 106 | T6: 110 | V6: =Q6-R6-S6-T6-U6 -> 13641
A7: 3 | B7: 80436 | C7: BENTE LOHRA | D7: IMD | E7: 324 | F7: 22 | G7: 0 | H7: =F7+G7 -> 22 | I7: =+E7*(H7) -> 7128 | J7: =ROUND(I7*70%,0) -> 4990 | K7: =ROUND(I7*30%,0) -> 2138 | L7: 84 | M7: =E7/8*L7 -> 3402 | N7: 420 | O7: 220 | P7: 0 | Q7: =+P7+O7+N7+M7+I7 -> 11170 | R7: =+J7*12% -> 598.8 | S7: =CEILING((Q7-P7)*0.75%,1) -> 84 | T7: 110 | V7: =Q7-R7-S7-T7-U7 -> 10377.2
A8: 4 | B8: 80512 | C8: DAR HO | D8: IMD | E8: 324 | F8: 22 | G8: 0 | H8: =F8+G8 -> 22 | I8: =+E8*(H8) -> 7128 | J8: =ROUND(I8*70%,0) -> 4990 | K8: =ROUND(I8*30%,0) -> 2138 | L8: 84 | M8: =E8/8*L8 -> 3402 | N8: 420 | O8: 220 | P8: 0 | Q8: =+P8+O8+N8+M8+I8 -> 11170 | R8: =+J8*12% -> 598.8 | S8: =CEILING((Q8-P8)*0.75%,1) -> 84 | T8: 110 | V8: =Q8-R8-S8-T8-U8 -> 10377.2
A9: 5 | B9: 80513 | C9: GANESH MAHAKUD | D9: IMD - GRINDING | E9: 378 | F9: 21 | G9: 1 | H9: =F9+G9 -> 22 | I9: =+E9*(H9) -> 8316 | J9: =ROUND(I9*70%,0) -> 5821 | K9: =ROUND(I9*30%,0) -> 2495 | L9: 84 | M9: =E9/8*L9 -> 3969 | N9: 420 | O9: 0 | P9: 0 | Q9: =+P9+O9+N9+M9+I9 -> 12705 | R9: =+J9*12% -> 698.52 | S9: =CEILING((Q9-P9)*0.75%,1) -> 96 | T9: 210 | V9: =Q9-R9-S9-T9-U9 -> 11700.48
A10: 6 | B10: 80514 | C10: BIJYA KUMAR SINGH | D10: IMD | E10: 324 | F10: 23 | G10: 1 | H10: =F10+G10 -> 24 | I10: =+E10*(H10) -> 7776 | J10: =ROUND(I10*70%,0) -> 5443 | K10: =ROUND(I10*30%,0) -> 2333 | L10: 92 | M10: =E10/8*L10 -> 3726 | N10: 460 | O10: 240 | P10: 500 | Q10: =+P10+O10+N10+M10+I10 -> 12702 | R10: =+J10*12% -> 653.16 | S10: =CEILING((Q10-P10)*0.75%,1) -> 92 | T10: 110 | V10: =Q10-R10-S10-T10-U10 -> 11846.84
A11: 7 | B11: 80535 | C11: SURESH SOREN | D11: EXTRUDER | E11: 346 | F11: 19 | G11: 0 | H11: =F11+G11 -> 19 | I11: =+E11*(H11) -> 6574 | J11: =ROUND(I11*70%,0) -> 4602 | K11: =ROUND(I11*30%,0) -> 1972 | L11: 76 | M11: =E11/8*L11 -> 3287 | N11: 380 | O11: 180 | P11: 0 | Q11: =+P11+O11+N11+M11+I11 -> 10421 | R11: =+J11*12% -> 552.24 | S11: =CEILING((Q11-P11)*0.75%,1) -> 79 | T11: 100 | V11: =Q11-R11-S11-T11-U11 -> 9689.76
A12: 8 | B12: 80536 | C12: DEVSINGH MURMU | D12: EXTRUDER | E12: 346 | F12: 22 | G12: 1 | H12: =F12+G12 -> 23 | I12: =+E12*(H12) -> 7958 | J12: =ROUND(I12*70%,0) -> 5571 | K12: =ROUND(I12*30%,0) -> 2387 | L12: 92 | M12: =E12/8*L12 -> 3979 | N12: 460 | O12: 240 | P12: 200 | Q12: =+P12+O12+N12+M12+I12 -> 12837 | R12: =+J12*12% -> 668.52 | S12: =CEILING((Q12-P12)*0.75%,1) -> 95 | T12: 100 | V12: =Q12-R12-S12-T12-U12 -> 11973.48
A13: 9 | B13: 80539 | C13: BABUL HANSDA | D13: EXTRUDER | E13: 346 | F13: 21 | G13: 1 | H13: =F13+G13 -> 22 | I13: =+E13*(H13) -> 7612 | J13: =ROUND(I13*70%,0) -> 5328 | K13: =ROUND(I13*30%,0) -> 2284 | L13: 80 | M13: =E13/8*L13 -> 3460 | N13: 400 | O13: 220 | P13: 0 | Q13: =+P13+O13+N13+M13+I13 -> 11692 | R13: =+J13*12% -> 639.36 | S13: =CEILING((Q13-P13)*0.75%,1) -> 88 | T13: 100 | V13: =Q13-R13-S13-T13-U13 -> 10864.64
A14: 10 | B14: 80540 | C14: DILIP HEMBRAM | D14: EXTRUDER | E14: 346 | F14: 21 | G14: 1 | H14: =F14+G14 -> 22 | I14: =+E14*(H14) -> 7612 | J14: =ROUND(I14*70%,0) -> 5328 | K14: =ROUND(I14*30%,0) -> 2284 | L14: 88 | M14: =E14/8*L14 -> 3806 | N14: 440 | O14: 240 | P14: 0 | Q14: =+P14+O14+N14+M14+I14 -> 12098 | R14: =+J14*12% -> 639.36 | S14: =CEILING((Q14-P14)*0.75%,1) -> 91 | T14: 90 | V14: =Q14-R14-S14-T14-U14 -> 11277.64
A15: 11 | B15: 80542 | C15: SURESH MARANDI | D15: IMD | E15: 324 | F15: 23 | G15: 1 | H15: =F15+G15 -> 24 | I15: =+E15*(H15) -> 7776 | J15: =ROUND(I15*70%,0) -> 5443 | K15: =ROUND(I15*30%,0) -> 2333 | L15: 92 | M15: =E15/8*L15 -> 3726 | N15: 460 | O15: 240 | P15: 500 | Q15: =+P15+O15+N15+M15+I15 -> 12702 | R15: =+J15*12% -> 653.16 | S15: =CEILING((Q15-P15)*0.75%,1) -> 92 | T15: 110 | V15: =Q15-R15-S15-T15-U15 -> 11846.84
A16: 12 | B16: 80544 | C16: SUSHIL HEMBRAM | D16: EXTRUDER | E16: 346 | F16: 22 | G16: 2 | H16: =F16+G16 -> 24 | I16: =+E16*(H16) -> 8304 | J16: =ROUND(I16*70%,0) -> 5813 | K16: =ROUND(I16*30%,0) -> 2491 | L16: 96 | M16: =E16/8*L16 -> 4152 | N16: 480 | O16: 220 | P16: 500 | Q16: =+P16+O16+N16+M16+I16 -> 13656 | R16: =+J16*12% -> 697.56 | S16: =CEILING((Q16-P16)*0.75%,1) -> 99 | T16: 120 | V16: =Q16-R16-S16-T16-U16 -> 12739.44
... A79: 75 | B79: 80687 | C79: OM PRAGAAS MANJHI | D79: GRINDING | E79: 378 | F79: 6.5 | G79: 0 | H79: =F79+G79 -> 6.5 | I79: =+E79*(H79) -> 2457 | J79: =ROUND(I79*70%,0) -> 1720 | K79: =ROUND(I79*30%,0) -> 737 | L79: 28 | M79: =E79/8*L79 -> 1323 | N79: 140 | O79: 0 | P79: 0 | Q79: =+P79+O79+N79+M79+I79 -> 3920 | R79: =+J79*12% -> 206.4 | S79: =CEILING((Q79-P79)*0.75%,1) -> 30 | T79: 70 | V79: =Q79-R79-S79-T79-U79 -> 3613.6
D81: TOTAL | I81: =+#REF! -> #REF!
D82: PF - 13.0% | I82: =+#REF!*13% -> #REF!
D83: ESI - 3.25% | I83: =ROUND((#REF!-#REF!)*3.25%,0) -> #REF!
D84: service charge 6% | I84: =+I81*6% -> #REF!
I85: =+I81+I82+I83+I84 -> #REF!
D86: Less - Canteen & Room Rent | I86: =#REF!+#REF! -> #REF!
D87: Sub Total | I87: =+I85-I86 -> #REF!
